Ingra Shadfourth;6521;74;ishadfourth0@ycombinator.com;123456788
Ced Parradice;2471;24;cparradice1@phoca.cz;123456788
Toddie Gullane;5834;45;tgullane2@google.pl;123456788
Vanni Adamsky;7269;83;vadamsky3@vinaora.com;123456788
Joan Silliman;3330;21;jsilliman4@storify.com;123456788
Colly Growcott;5965;12;cgrowcott5@canalblog.com;123456788
Bord Konerding;4103;14;bkonerding6@paginegialle.it;123456788
Zackariah Scola;7396;95;zscola7@blogger.com;123456788
Dell Gierhard;4379;90;dgierhard8@macromedia.com;123456788
Horatio Sea;6248;103;hsea9@cbsnews.com;123456788
Nickey Baumadier;4235;99;nbaumadiera@uiuc.edu;123456788
Benedikta Toope;2001;97;btoopeb@engadget.com;123456788
Brien Gabbatt;4273;17;bgabbattc@elegantthemes.com;123456788
Jasmine Watt;4502;100;jwattd@trellian.com;123456788
Alvinia Swires;2419;35;aswirese@washingtonpost.com;123456788
Elwood Colecrough;3836;49;ecolecroughf@ihg.com;123456788
Rivy Rannald;5445;11;rrannaldg@godaddy.com;123456788
Elie Kulvear;6109;47;ekulvearh@ocn.ne.jp;123456788
Rolph Alkins;6620;121;ralkinsi@icio.us;123456788
Doralia Burgill;2058;66;dburgillj@mail.ru;123456788
Virginia Healeas;2769;36;vhealeask@elpais.com;123456788
Katina Cawthra;4672;79;kcawthral@nih.gov;123456788
Holmes Fallawe;2641;22;hfallawem@hud.gov;123456788
Easter Thundercliffe;5565;114;ethundercliffen@twitpic.com;123456788
Alexandro Enoksson;3907;79;aenokssono@delicious.com;123456788
Evey Wrought;4529;55;ewroughtp@altervista.org;123456788
Justis Boch;5937;125;jbochq@reuters.com;123456788
Neda Renwick;7890;120;nrenwickr@tmall.com;123456788
Monroe Rhymer;7723;62;mrhymers@squarespace.com;123456788
Guntar Fosdike;7395;42;gfosdiket@usatoday.com;123456788
Edith Scholtis;5018;146;escholtisu@buzzfeed.com;123456788
Lyle Forbear;3866;39;lforbearv@springer.com;123456788
Lyman Crummie;3496;136;lcrummiew@yellowbook.com;123456788
Liesa Matthias;2930;13;lmatthiasx@salon.com;123456788
Reg Poytres;7547;123;rpoytresy@ca.gov;123456788
Faydra Ellingsworth;7651;131;fellingsworthz@spotify.com;123456788
Bette-ann Janota;5044;40;bjanota10@ucla.edu;123456788
Felisha Bozworth;4419;117;fbozworth11@ibm.com;123456788
Marty Denisovich;6167;125;mdenisovich12@harvard.edu;123456788
Ginger Gilbee;3487;93;ggilbee13@godaddy.com;123456788
Torey Powney;3809;81;tpowney14@zimbio.com;123456788
Carlos Kidston;3103;149;ckidston15@mit.edu;123456788
Margarette Bullman;7084;51;mbullman16@jalbum.net;123456788
Almira McLarty;5953;76;amclarty17@hugedomains.com;123456788
Elfie Vasyaev;6938;46;evasyaev18@businessweek.com;123456788
Kassey Dedney;7722;140;kdedney19@twitpic.com;123456788
Bastian Riddel;5461;16;briddel1a@cbslocal.com;123456788
Geraldine Schohier;6303;147;gschohier1b@youku.com;123456788
Reeva Kubera;7847;66;rkubera1c@skyrock.com;123456788
Isacco Scotchmoor;2196;97;iscotchmoor1d@dmoz.org;123456788
Anatole McMurty;3331;135;amcmurty1e@hp.com;123456788
Patrizia Penchen;2905;140;ppenchen1f@google.es;123456788
Morgen Gravie;6527;90;mgravie1g@bravesites.com;123456788
Theodor Purdey;7209;100;tpurdey1h@multiply.com;123456788
Burt Ticksall;4257;72;bticksall1i@nymag.com;123456788
Francisco Coyett;6348;76;fcoyett1j@360.cn;123456788
Andris Gunnell;6113;88;agunnell1k@tripadvisor.com;123456788
Nalani Claughton;2193;113;nclaughton1l@businessinsider.com;123456788
Bard Monnelly;7035;29;bmonnelly1m@goo.ne.jp;123456788
Suzi Kilshall;3640;149;skilshall1n@purevolume.com;123456788
Alonzo Alves;3097;59;aalves1o@patch.com;123456788
Myriam Howie;6730;42;mhowie1p@addthis.com;123456788
Vale Ambroise;6707;25;vambroise1q@alexa.com;123456788
Janet Carson;6119;52;jcarson1r@slideshare.net;123456788
Silvana Stradling;6939;23;sstradling1s@chron.com;123456788
Ross Tointon;2184;74;rtointon1t@mapy.cz;123456788
Colby Chown;4011;53;cchown1u@unesco.org;123456788
Carmelia Inker;7987;126;cinker1v@myspace.com;123456788
Randa Syvret;5505;93;rsyvret1w@i2i.jp;123456788
Bob Barling;6637;103;bbarling1x@hud.gov;123456788
Gottfried Sabin;5957;29;gsabin1y@google.co.jp;123456788
Arty Castro;4781;42;acastro1z@gravatar.com;123456788
Denny Offell;6920;122;doffell20@army.mil;123456788
Katherina Eborn;7260;108;keborn21@netlog.com;123456788
Clemmie Catterick;5206;26;ccatterick22@myspace.com;123456788
Armando Risdall;6458;48;arisdall23@is.gd;123456788
Maxy Pavlik;3832;65;mpavlik24@cbslocal.com;123456788
Karlik Cowie;3950;114;kcowie25@spotify.com;123456788
Bentlee Eudall;7958;43;beudall26@soup.io;123456788
Fifine Reckless;6322;98;freckless27@biblegateway.com;123456788
Ewan Mougenel;3096;90;emougenel28@linkedin.com;123456788
Jessa Ebbitt;7047;117;jebbitt29@whitehouse.gov;123456788
Sybille Piddocke;4926;100;spiddocke2a@engadget.com;123456788
Honoria Hindhaugh;6172;44;hhindhaugh2b@pcworld.com;123456788
Cullen Brittle;3108;102;cbrittle2c@google.pl;123456788
Lexis Reavey;3629;33;lreavey2d@berkeley.edu;123456788
Alaine Siveter;4301;130;asiveter2e@cnet.com;123456788
Sibby Popham;5569;88;spopham2f@angelfire.com;123456788
Daisey Pinsent;6227;72;dpinsent2g@ihg.com;123456788
Barty Whichelow;4621;31;bwhichelow2h@imageshack.us;123456788
Jodi Wilfling;2452;26;jwilfling2i@ning.com;123456788
Rhody Rusbridge;4873;36;rrusbridge2j@nhs.uk;123456788
Yolanthe Linne;3995;86;ylinne2k@alexa.com;123456788
Jess Tift;5606;104;jtift2l@smh.com.au;123456788
Bea Crook;5222;17;bcrook2m@stumbleupon.com;123456788
Isabella Wandrack;6623;81;iwandrack2n@harvard.edu;123456788
Frannie Murtagh;5270;107;fmurtagh2o@discovery.com;123456788
Alysa Richardes;3128;107;arichardes2p@theatlantic.com;123456788
Rochelle Keave;2658;22;rkeave2q@vk.com;123456788
Ashla Cartmale;3781;142;acartmale2r@purevolume.com;123456788
Dulce Goodwyn;6147;96;dgoodwyn2s@oaic.gov.au;123456788
Mallissa Sandercock;3236;50;msandercock2t@ucla.edu;123456788
Jamima Bennedsen;7050;38;jbennedsen2u@mediafire.com;123456788
Lonni Yeardley;7130;121;lyeardley2v@cmu.edu;123456788
Allina Blind;3494;142;ablind2w@ning.com;123456788
Wilmer Shubotham;5705;97;wshubotham2x@hubpages.com;123456788
Zelma Purkins;2678;118;zpurkins2y@woothemes.com;123456788
Wallache Poser;7041;76;wposer2z@twitter.com;123456788
Blanch Roubottom;2401;102;broubottom30@npr.org;123456788
Dyan Starzaker;5595;81;dstarzaker31@nytimes.com;123456788
Jonathan Le Gassick;6595;27;jle32@ow.ly;123456788
Jorrie Bartels-Ellis;2354;47;jbartelsellis33@netscape.com;123456788
Briny Kalkhoven;5733;15;bkalkhoven34@soup.io;123456788
Lonni Waiton;2551;74;lwaiton35@msu.edu;123456788
Francesco Ringham;5374;43;fringham36@techcrunch.com;123456788
Karil Crosetto;3823;80;kcrosetto37@nbcnews.com;123456788
Nicolas Spencelayh;3489;28;nspencelayh38@com.com;123456788
Winfield Wozencroft;6995;108;wwozencroft39@comcast.net;123456788
Ashly Wapple;6148;147;awapple3a@vk.com;123456788
David Blaszkiewicz;6437;73;dblaszkiewicz3b@elegantthemes.com;123456788
Gustavus Joynt;4908;22;gjoynt3c@topsy.com;123456788
Germana Blackston;6955;45;gblackston3d@nature.com;123456788
Horace Denton;6530;65;hdenton3e@hc360.com;123456788
Lianna Ciani;4694;93;lciani3f@de.vu;123456788
Cirilo Spadollini;5501;70;cspadollini3g@ebay.co.uk;123456788
Gay Edgell;7764;82;gedgell3h@skype.com;123456788
Mia MacEllen;6210;29;mmacellen3i@wikimedia.org;123456788
Zonda Ballister;3728;144;zballister3j@senate.gov;123456788
Dur Keele;2741;119;dkeele3k@weibo.com;123456788
Gerladina Hartin;3355;103;ghartin3l@1und1.de;123456788
Kipper Wiszniewski;4848;87;kwiszniewski3m@tamu.edu;123456788
Pattie Scarsbrick;7458;65;pscarsbrick3n@i2i.jp;123456788
Rhodia Orpyne;3219;90;rorpyne3o@discuz.net;123456788
Brockie Heigho;3257;65;bheigho3p@linkedin.com;123456788
Les Vasentsov;6155;126;lvasentsov3q@webeden.co.uk;123456788
Kim Tointon;6744;129;ktointon3r@telegraph.co.uk;123456788
Augustine Drohan;5325;48;adrohan3s@ovh.net;123456788
Bancroft Elliott;5484;45;belliott3t@tumblr.com;123456788
Barrett Costelow;6053;34;bcostelow3u@exblog.jp;123456788
Brade O'Concannon;7189;73;boconcannon3v@imgur.com;123456788
Martica Casaro;6151;75;mcasaro3w@ftc.gov;123456788
Elora Teague;6329;54;eteague3x@usatoday.com;123456788
Lissie Dreakin;6958;39;ldreakin3y@slideshare.net;123456788
Daven O'Doohaine;3644;99;dodoohaine3z@addtoany.com;123456788
Elysha Agget;5199;143;eagget40@51.la;123456788
Kore Jilliss;7154;67;kjilliss41@indiatimes.com;123456788
Jolie Umpleby;5563;94;jumpleby42@angelfire.com;123456788
Milicent Jillins;6756;70;mjillins43@dailymail.co.uk;123456788
Leeland Haller;5770;70;lhaller44@people.com.cn;123456788
Carr Murrigans;4551;146;cmurrigans45@netvibes.com;123456788
Inessa Kemmer;4503;52;ikemmer46@cafepress.com;123456788
Veronike Gotecliffe;6007;126;vgotecliffe47@addthis.com;123456788
Arleta Woof;7945;55;awoof48@deviantart.com;123456788
Samara Libero;6556;96;slibero49@cafepress.com;123456788
Fredrick Malkie;7013;20;fmalkie4a@un.org;123456788
Anny Stallion;5768;47;astallion4b@rediff.com;123456788
Lea Niave;4212;132;lniave4c@odnoklassniki.ru;123456788
Tyne Howden;7855;50;thowden4d@altervista.org;123456788
Cristen Kores;5610;69;ckores4e@woothemes.com;123456788
Rosa Woakes;5984;99;rwoakes4f@harvard.edu;123456788
Kent Manueau;2735;148;kmanueau4g@upenn.edu;123456788
Sidonnie Brimicombe;4783;121;sbrimicombe4h@trellian.com;123456788
Magnum Pipes;3222;148;mpipes4i@prweb.com;123456788
Alexis Hadlee;4697;119;ahadlee4j@technorati.com;123456788
Fidelio Belverstone;2427;80;fbelverstone4k@jiathis.com;123456788
Kippie Pittock;7485;91;kpittock4l@wp.com;123456788
Bethanne Challiner;3850;45;bchalliner4m@nytimes.com;123456788
Alfie Aldwich;7818;146;aaldwich4n@naver.com;123456788
Lisetta Maus;3996;34;lmaus4o@furl.net;123456788
Donalt Berthelmot;6990;125;dberthelmot4p@bluehost.com;123456788
Lyndy Bloys;7483;101;lbloys4q@infoseek.co.jp;123456788
Darrin Salatino;7766;120;dsalatino4r@addthis.com;123456788
Heriberto Brownlea;6393;134;hbrownlea4s@slashdot.org;123456788
Brigg Roubert;3025;83;broubert4t@last.fm;123456788
Reyna Gayter;3008;140;rgayter4u@dedecms.com;123456788
Roselin Haryngton;7151;142;rharyngton4v@people.com.cn;123456788
Lianna Worthing;3570;55;lworthing4w@abc.net.au;123456788
Debby Dolling;3215;24;ddolling4x@diigo.com;123456788
Sheelagh Twaits;2171;24;stwaits4y@moonfruit.com;123456788
Milton Oakhill;2028;85;moakhill4z@va.gov;123456788
Eirena Hazlehurst;3295;22;ehazlehurst50@dailymotion.com;123456788
Rochella Harlett;7342;117;rharlett51@wordpress.org;123456788
Kerry Humphris;5341;35;khumphris52@bloomberg.com;123456788
Ash Angerstein;6109;47;aangerstein53@last.fm;123456788
Maurie Von Helmholtz;3730;95;mvon54@yelp.com;123456788
Netty Withringten;7486;100;nwithringten55@wp.com;123456788
Rivy Kob;6931;63;rkob56@ycombinator.com;123456788
Diahann Westwell;3461;142;dwestwell57@baidu.com;123456788
Lucky Larrosa;5687;32;llarrosa58@disqus.com;123456788
Pavla Rozalski;3551;119;prozalski59@newyorker.com;123456788
Myrwyn Farmery;6561;37;mfarmery5a@fda.gov;123456788
Putnam Keighly;2682;97;pkeighly5b@arizona.edu;123456788
Clifford Feehery;5607;135;cfeehery5c@nsw.gov.au;123456788
Cass Anten;4084;69;canten5d@ft.com;123456788
Jacobo Leonard;6029;39;jleonard5e@nba.com;123456788
Donny Lebourn;2028;56;dlebourn5f@japanpost.jp;123456788
Sigrid Paulich;5718;142;spaulich5g@booking.com;123456788
Celestina Selkirk;4865;138;cselkirk5h@mac.com;123456788
Gaston Feasley;7840;91;gfeasley5i@vistaprint.com;123456788
Esta Worham;3704;132;eworham5j@newsvine.com;123456788
Waldo Metschke;7776;133;wmetschke5k@loc.gov;123456788
Jerry MacKeller;5790;57;jmackeller5l@salon.com;123456788
Rozele Lindsley;6772;36;rlindsley5m@squidoo.com;123456788
Crista Fluin;2832;72;cfluin5n@t-online.de;123456788
Natividad Shearman;4150;53;nshearman5o@scientificamerican.com;123456788
Chelsey Mackness;5187;83;cmackness5p@qq.com;123456788
Laurianne Philipeaux;3397;13;lphilipeaux5q@bizjournals.com;123456788
Pen Gretton;3652;106;pgretton5r@bizjournals.com;123456788
Margit Stiell;7324;24;mstiell5s@fotki.com;123456788
Shae Wilkie;5372;44;swilkie5t@free.fr;123456788
Zara Bigglestone;2206;43;zbigglestone5u@alibaba.com;123456788
Nora Casoni;2386;40;ncasoni5v@phoca.cz;123456788
Onfroi Ccomini;7844;100;occomini5w@thetimes.co.uk;123456788
Benny O'Regan;3066;102;boregan5x@techcrunch.com;123456788
Merilyn Lembcke;5776;54;mlembcke5y@amazon.co.uk;123456788
Terri Leavens;4618;129;tleavens5z@dagondesign.com;123456788
Lars Hordell;6414;73;lhordell60@globo.com;123456788
Danielle Snedker;5588;115;dsnedker61@yellowpages.com;123456788
Minnaminnie Whatham;6867;85;mwhatham62@netvibes.com;123456788
Dominique Shelvey;7764;39;dshelvey63@zdnet.com;123456788
Vannie Gonnard;4751;92;vgonnard64@jalbum.net;123456788
Angie Conkie;2323;39;aconkie65@scribd.com;123456788
Emilee Sedcole;5962;146;esedcole66@mediafire.com;123456788
Noemi Noah;6124;148;nnoah67@google.pl;123456788
Paddie Robart;5981;24;probart68@google.ru;123456788
Ola Spraggon;7436;41;ospraggon69@freewebs.com;123456788
Niles Salzberg;3127;131;nsalzberg6a@hubpages.com;123456788
Ingaberg Wallhead;4690;72;iwallhead6b@baidu.com;123456788
Hugibert Kiln;4254;90;hkiln6c@ucla.edu;123456788
Elsa Cadlock;6695;13;ecadlock6d@blinklist.com;123456788
Blaine Rudsdell;7470;139;brudsdell6e@chron.com;123456788
Marshall Ducaen;5530;70;mducaen6f@yellowbook.com;123456788
Matteo Rose;5781;78;mrose6g@multiply.com;123456788
Wat Dyter;5808;138;wdyter6h@bing.com;123456788
Loralie Prettyjohns;4437;18;lprettyjohns6i@intel.com;123456788
Jayme Haxbie;2548;142;jhaxbie6j@latimes.com;123456788
Frannie Poe;5133;145;fpoe6k@tamu.edu;123456788
Traver Tutill;7669;85;ttutill6l@globo.com;123456788
Annalise Martinat;3218;33;amartinat6m@bloglovin.com;123456788
Royce Gosneye;3912;42;rgosneye6n@ask.com;123456788
Debbi Beilby;4115;101;dbeilby6o@wp.com;123456788
Victoir Trime;7772;24;vtrime6p@myspace.com;123456788
Ewell Saltrese;4712;61;esaltrese6q@howstuffworks.com;123456788
Kylynn Menelaws;7628;57;kmenelaws6r@github.com;123456788
Kayley McCutcheon;2140;38;kmccutcheon6s@ask.com;123456788
Laura Mayor;3038;64;lmayor6t@whitehouse.gov;123456788
Gardiner Nickoll;4083;131;gnickoll6u@economist.com;123456788
Eberhard Vanyatin;5403;29;evanyatin6v@topsy.com;123456788
Phineas Alway;5902;60;palway6w@latimes.com;123456788
Catherina Ruusa;5690;92;cruusa6x@cam.ac.uk;123456788
Vachel Spurdon;4948;41;vspurdon6y@toplist.cz;123456788
Gardy Gainfort;2502;72;ggainfort6z@cafepress.com;123456788
Yovonnda Jedrachowicz;4251;127;yjedrachowicz70@yelp.com;123456788
Abram Elecum;5479;119;aelecum71@npr.org;123456788
Brand Frenchum;4957;79;bfrenchum72@free.fr;123456788
Collette Donovan;4125;92;cdonovan73@github.com;123456788
Darell Treamayne;7296;11;dtreamayne74@skyrock.com;123456788
Julie Lenney;6085;52;jlenney75@behance.net;123456788
Skippy Melluish;2522;141;smelluish76@apache.org;123456788
Hynda Papachristophorou;5623;59;hpapachristophorou77@usa.gov;123456788
Ev Petchey;5250;44;epetchey78@amazon.co.uk;123456788
Quinta Myderscough;3110;119;qmyderscough79@spotify.com;123456788
Abigail Creffeild;2565;53;acreffeild7a@google.it;123456788
Hall Jacox;5579;104;hjacox7b@tripod.com;123456788
Vania Huntington;5494;83;vhuntington7c@nasa.gov;123456788
Faustina Rubes;6920;131;frubes7d@spotify.com;123456788
Sonny Lode;2244;43;slode7e@amazon.de;123456788
Katerine Revington;3637;80;krevington7f@stumbleupon.com;123456788
Clementine Cardwell;7853;134;ccardwell7g@t-online.de;123456788
Farris Joselson;4218;46;fjoselson7h@fc2.com;123456788
Bobbe Andreolli;6424;17;bandreolli7i@weibo.com;123456788
Eryn Castana;3359;64;ecastana7j@goodreads.com;123456788
Lyn Mazillius;7347;91;lmazillius7k@bbb.org;123456788
Alfonse Abramcik;7621;46;aabramcik7l@shareasale.com;123456788
Mark Garber;6017;90;mgarber7m@msn.com;123456788
Perice Mammatt;2012;111;pmammatt7n@elpais.com;123456788
Bonnibelle Fishpond;4994;63;bfishpond7o@va.gov;123456788
Radcliffe Dimitriou;3410;91;rdimitriou7p@friendfeed.com;123456788
Tilda Fridlington;4018;121;tfridlington7q@discuz.net;123456788
Garek Semper;7161;31;gsemper7r@furl.net;123456788
Almeda Geydon;7279;23;ageydon7s@slideshare.net;123456788
Nadia Gumbrell;7241;120;ngumbrell7t@sohu.com;123456788
Bernard Hellmore;7238;49;bhellmore7u@ovh.net;123456788
Angelina Filler;5295;70;afiller7v@prnewswire.com;123456788
Boote Scandroot;2652;20;bscandroot7w@angelfire.com;123456788
Emelina Parton;2866;110;eparton7x@jiathis.com;123456788
Andres Mixter;3047;54;amixter7y@meetup.com;123456788
Justine Lahiff;5328;131;jlahiff7z@imageshack.us;123456788
Kerr Vittel;2755;38;kvittel80@mysql.com;123456788
Selinda Kores;5768;72;skores81@wp.com;123456788
Kinna Kenninghan;6372;116;kkenninghan82@bloglines.com;123456788
Imogene Tipler;2978;107;itipler83@t-online.de;123456788
Thelma Thrower;4684;80;tthrower84@printfriendly.com;123456788
Hercules Tomasicchio;5973;21;htomasicchio85@cyberchimps.com;123456788
Birgitta Paternoster;5051;49;bpaternoster86@chron.com;123456788
Sarita O' Byrne;4129;47;so87@cbslocal.com;123456788
Louise Manueau;7108;83;lmanueau88@domainmarket.com;123456788
Dorita Ubanks;5117;56;dubanks89@bravesites.com;123456788
Gwennie Thames;6981;112;gthames8a@hexun.com;123456788
Gretta Gostyke;6443;18;ggostyke8b@csmonitor.com;123456788
Cicely Tittletross;6480;96;ctittletross8c@state.tx.us;123456788
Devan MacAlister;7076;54;dmacalister8d@thetimes.co.uk;123456788
Caron Barlie;3140;96;cbarlie8e@imdb.com;123456788
Gerrie Sweeten;5858;147;gsweeten8f@usda.gov;123456788
Ody Simo;6381;85;osimo8g@liveinternet.ru;123456788
Hilliard Scoggins;5366;118;hscoggins8h@about.me;123456788
Franklin Ashby;3836;88;fashby8i@earthlink.net;123456788
Goldarina Gingedale;7551;54;ggingedale8j@ucoz.ru;123456788
Missy Simka;3669;123;msimka8k@ask.com;123456788
Becka Wetherburn;2133;136;bwetherburn8l@ovh.net;123456788
Britney Wicher;4319;30;bwicher8m@macromedia.com;123456788
Darryl Oakinfold;6372;100;doakinfold8n@moonfruit.com;123456788
Felicdad Karpov;5916;75;fkarpov8o@ycombinator.com;123456788
Andrej Steagall;3848;77;asteagall8p@deliciousdays.com;123456788
Ann-marie Warsop;6267;60;awarsop8q@a8.net;123456788
Templeton Tolossi;6610;57;ttolossi8r@123-reg.co.uk;123456788
Sandy Purkess;2706;80;spurkess8s@taobao.com;123456788
Augustine Stanmore;4713;94;astanmore8t@360.cn;123456788
Berti Grimsdyke;5545;142;bgrimsdyke8u@jigsy.com;123456788
Fletcher Acland;3853;56;facland8v@pbs.org;123456788
Dolf Seeviour;2662;116;dseeviour8w@shop-pro.jp;123456788
Pepito Karsh;7815;18;pkarsh8x@rakuten.co.jp;123456788
Claus Jozwik;2233;20;cjozwik8y@google.es;123456788
Olympe Comiam;7513;16;ocomiam8z@tmall.com;123456788
Emmit Guinan;7693;59;eguinan90@feedburner.com;123456788
Zulema Rainton;2225;97;zrainton91@ocn.ne.jp;123456788
Emelia Quinney;7765;30;equinney92@state.tx.us;123456788
Darwin Heintze;4573;41;dheintze93@sitemeter.com;123456788
Sidnee Redsall;6676;88;sredsall94@vimeo.com;123456788
Jackqueline Zute;7246;73;jzute95@businessweek.com;123456788
Stanford Mulleary;6277;85;smulleary96@stumbleupon.com;123456788
Marty Whitehorne;6101;149;mwhitehorne97@soup.io;123456788
Willey Eglington;3975;34;weglington98@hibu.com;123456788
Meggie Champley;7684;111;mchampley99@wikia.com;123456788
Jacobo Gaynsford;3802;89;jgaynsford9a@soundcloud.com;123456788
Jammal Blamire;7620;49;jblamire9b@yelp.com;123456788
Natalina Martinat;2828;144;nmartinat9c@issuu.com;123456788
Osbert Curm;3522;114;ocurm9d@artisteer.com;123456788
Chantalle Limprecht;3096;22;climprecht9e@yahoo.com;123456788
Viv Ballay;3056;115;vballay9f@de.vu;123456788
Norby Goodin;2100;49;ngoodin9g@about.me;123456788
Clara Fitzsymon;6131;18;cfitzsymon9h@ning.com;123456788
Gerry Cassey;2340;27;gcassey9i@whitehouse.gov;123456788
Candace Norcutt;5994;113;cnorcutt9j@latimes.com;123456788
Margette Robens;2390;87;mrobens9k@chicagotribune.com;123456788
Goddard Devonside;3830;49;gdevonside9l@eepurl.com;123456788
Farrel Crigin;2705;55;fcrigin9m@statcounter.com;123456788
Chrysa Cullity;4759;15;ccullity9n@slate.com;123456788
Sophi Endrici;4102;24;sendrici9o@free.fr;123456788
Rodi MacGarrity;6260;113;rmacgarrity9p@intel.com;123456788
Olive Izhak;7378;77;oizhak9q@fda.gov;123456788
Merilyn Zorener;2859;52;mzorener9r@hatena.ne.jp;123456788
Filbert Honacker;6142;133;fhonacker9s@unblog.fr;123456788
Shannon Redish;5363;121;sredish9t@guardian.co.uk;123456788
Garvy Fone;2285;13;gfone9u@tiny.cc;123456788
Aymer Melesk;7048;38;amelesk9v@cam.ac.uk;123456788
Valli Skokoe;7860;84;vskokoe9w@ifeng.com;123456788
Brock Josefs;5117;121;bjosefs9x@sina.com.cn;123456788
Perice Stockford;3276;61;pstockford9y@simplemachines.org;123456788
Marika Guillot;2480;18;mguillot9z@theguardian.com;123456788
Cedric Gravie;4774;56;cgraviea0@examiner.com;123456788
Nerti Spittles;6892;48;nspittlesa1@china.com.cn;123456788
Frederica Comiskey;4755;78;fcomiskeya2@gov.uk;123456788
Aloin Honnan;6859;121;ahonnana3@gravatar.com;123456788
Blake Trenbey;6956;16;btrenbeya4@nps.gov;123456788
Beverley Gillam;7266;32;bgillama5@sourceforge.net;123456788
Grissel Garoghan;4107;81;ggaroghana6@arstechnica.com;123456788
Lillian Sheasby;2083;97;lsheasbya7@webs.com;123456788
Robbi Gainforth;4645;32;rgainfortha8@discovery.com;123456788
Tandy Greenham;2627;46;tgreenhama9@cornell.edu;123456788
Frannie Brounsell;7916;74;fbrounsellaa@wp.com;123456788
Aida Chorley;6421;80;achorleyab@kickstarter.com;123456788
Gearalt Paiton;7860;49;gpaitonac@tinyurl.com;123456788
Idalia Brammar;4836;91;ibrammarad@domainmarket.com;123456788
Leena Yakuntzov;4127;86;lyakuntzovae@nih.gov;123456788
Hazel Gaul;5843;21;hgaulaf@theatlantic.com;123456788
Lib Grob;5383;65;lgrobag@cbsnews.com;123456788
Martguerita Lumly;7683;62;mlumlyah@addtoany.com;123456788
Efrem Jerred;6826;142;ejerredai@arizona.edu;123456788
Valaria Mapham;4387;88;vmaphamaj@free.fr;123456788
Angus Lamy;6695;124;alamyak@nifty.com;123456788
Tann Lenney;4049;91;tlenneyal@woothemes.com;123456788
Lesli Youster;4697;33;lyousteram@soundcloud.com;123456788
Basia Beckett;7350;87;bbeckettan@dyndns.org;123456788
Brok Koschek;6717;114;bkoschekao@jugem.jp;123456788
Eyde Ingyon;5133;105;eingyonap@slideshare.net;123456788
Jessalyn Willmott;7050;128;jwillmottaq@geocities.jp;123456788
Piotr June;3007;19;pjunear@amazon.de;123456788
Homerus Boynton;7092;145;hboyntonas@google.it;123456788
Julina O'Hanley;7613;141;johanleyat@mapquest.com;123456788
Blaine Quixley;7760;84;bquixleyau@mtv.com;123456788
Josefa Gilroy;3526;146;jgilroyav@posterous.com;123456788
Nathanael Clayworth;7199;17;nclayworthaw@telegraph.co.uk;123456788
Lira Veel;7088;142;lveelax@diigo.com;123456788
Annabela Massow;6706;29;amassoway@amazon.de;123456788
Ripley Hugues;6355;110;rhuguesaz@engadget.com;123456788
Alanah Geraldez;5128;101;ageraldezb0@nyu.edu;123456788
Madella Kuhnert;3334;89;mkuhnertb1@naver.com;123456788
Royce Adanez;6124;109;radanezb2@wix.com;123456788
Ryon Loghan;4114;43;rloghanb3@vk.com;123456788
Burr Le Count;6840;129;bleb4@europa.eu;123456788
Garold Galvin;7078;81;ggalvinb5@state.gov;123456788
Ashlie Lilian;7641;29;alilianb6@cbslocal.com;123456788
Raddie Morford;2775;119;rmorfordb7@slate.com;123456788
Joshua Spohrmann;2486;71;jspohrmannb8@google.ru;123456788
Antonio Bosanko;6541;13;abosankob9@soup.io;123456788
Marcela Gould;3636;139;mgouldba@prweb.com;123456788
Aland Sonschein;7998;138;asonscheinbb@admin.ch;123456788
Niel Ivakhno;4167;79;nivakhnobc@live.com;123456788
Marilee Willisch;2243;137;mwillischbd@trellian.com;123456788
Zea Blazewicz;5022;97;zblazewiczbe@mlb.com;123456788
Cynthy Lamanby;5943;34;clamanbybf@google.ca;123456788
Leandra Meneur;7786;50;lmeneurbg@youtu.be;123456788
Chelsy Devanney;7556;88;cdevanneybh@arstechnica.com;123456788
Yankee Pimlock;5298;110;ypimlockbi@ucsd.edu;123456788
Natalie Cuskery;2912;144;ncuskerybj@amazon.co.uk;123456788
Shari Drever;5985;109;sdreverbk@craigslist.org;123456788
Essy Bigland;6451;30;ebiglandbl@noaa.gov;123456788
Vincenty Lownds;6333;145;vlowndsbm@skype.com;123456788
Richart Breawood;5770;106;rbreawoodbn@berkeley.edu;123456788
Ofilia Cambden;4702;81;ocambdenbo@microsoft.com;123456788
Maisey Linford;5028;76;mlinfordbp@cornell.edu;123456788
Blair Elce;7950;146;belcebq@miitbeian.gov.cn;123456788
Pen Fleury;5714;53;pfleurybr@myspace.com;123456788
Emmalee Delcastel;4685;82;edelcastelbs@psu.edu;123456788
Fallon Castro;6558;61;fcastrobt@java.com;123456788
Silvia Scrivener;2379;34;sscrivenerbu@google.cn;123456788
Kaia Seys;5158;48;kseysbv@icq.com;123456788
Lilllie Grovier;2812;142;lgrovierbw@sohu.com;123456788
Jobie Ogilvie;7102;105;jogilviebx@opera.com;123456788
Verla Kleinschmidt;6398;104;vkleinschmidtby@jalbum.net;123456788
Domenico Colchett;3479;116;dcolchettbz@wiley.com;123456788
Ainslie Vearnals;5865;63;avearnalsc0@simplemachines.org;123456788
Korella Cumbes;6846;107;kcumbesc1@theguardian.com;123456788
Kacie Easun;5656;108;keasunc2@latimes.com;123456788
Noelyn Coils;3234;114;ncoilsc3@meetup.com;123456788
Merralee Cawsey;6716;131;mcawseyc4@sohu.com;123456788
Sarina Fortman;3968;50;sfortmanc5@forbes.com;123456788
Hermie Maskill;4957;144;hmaskillc6@nytimes.com;123456788
Rudolph Lamburne;2290;36;rlamburnec7@mapy.cz;123456788
Arlina Primo;7653;94;aprimoc8@shinystat.com;123456788
Tess Menary;6705;141;tmenaryc9@upenn.edu;123456788
Andreas Cockran;2631;28;acockranca@github.com;123456788
Winslow Bolstridge;4193;85;wbolstridgecb@disqus.com;123456788
Corrine Dauber;6376;148;cdaubercc@ovh.net;123456788
Efren Lardeux;5369;138;elardeuxcd@psu.edu;123456788
Fania Gatiss;3792;58;fgatissce@theatlantic.com;123456788
Barris Vannet;4316;50;bvannetcf@apple.com;123456788
Em Mander;7002;37;emandercg@princeton.edu;123456788
Ermanno Aronov;3201;120;earonovch@sakura.ne.jp;123456788
Axel Duhig;3646;16;aduhigci@barnesandnoble.com;123456788
Toinette Drever;2962;11;tdrevercj@dailymail.co.uk;123456788
Blake Stean;2434;130;bsteanck@bing.com;123456788
Violetta Shepcutt;2777;133;vshepcuttcl@icio.us;123456788
Garreth Collyns;4096;113;gcollynscm@php.net;123456788
Jo-ann Twatt;5990;132;jtwattcn@eepurl.com;123456788
Garth Barnicott;5546;98;gbarnicottco@dion.ne.jp;123456788
Demetris Nairy;6784;16;dnairycp@trellian.com;123456788
Patrica Annakin;3578;23;pannakincq@technorati.com;123456788
Alis Snel;3081;13;asnelcr@shinystat.com;123456788
Gerrie Panks;2471;29;gpankscs@statcounter.com;123456788
Marlowe Bullene;7338;70;mbullenect@moonfruit.com;123456788
Carson Jervoise;5704;111;cjervoisecu@paginegialle.it;123456788
Angela Zmitrovich;3950;40;azmitrovichcv@engadget.com;123456788
Langsdon Charters;6247;48;lcharterscw@cafepress.com;123456788
Frederico Burgen;3859;130;fburgencx@devhub.com;123456788
Tova Gunthorpe;2133;67;tgunthorpecy@deliciousdays.com;123456788
Aloise Croughan;3080;62;acroughancz@sfgate.com;123456788
Shandy Gaspard;7287;110;sgaspardd0@ed.gov;123456788
Franciska Killner;6565;141;fkillnerd1@answers.com;123456788
Brunhilde Heinert;6988;80;bheinertd2@toplist.cz;123456788
Cally Ruddy;4146;77;cruddyd3@ihg.com;123456788
Ginni Crossdale;3235;96;gcrossdaled4@baidu.com;123456788
Koralle Frape;5075;139;kfraped5@sfgate.com;123456788
Roana McGuinley;6896;25;rmcguinleyd6@imdb.com;123456788
Glori Benesevich;4376;131;gbenesevichd7@cam.ac.uk;123456788
Merrily Spolton;2953;116;mspoltond8@tiny.cc;123456788
Silvester Zylbermann;6180;26;szylbermannd9@wunderground.com;123456788
Sancho Jost;7870;70;sjostda@facebook.com;123456788
Amber Patrie;3467;129;apatriedb@1und1.de;123456788
Nicky Crowdson;4446;61;ncrowdsondc@sitemeter.com;123456788
Ryon Crookes;3254;121;rcrookesdd@berkeley.edu;123456788
Ferdinand Jellman;7598;21;fjellmande@theatlantic.com;123456788
Addy de Villier;3227;122;adedf@nsw.gov.au;123456788
Rachele Abriani;6753;143;rabrianidg@apache.org;123456788
Elicia GiacobbiniJacob;4534;78;egiacobbinijacobdh@prnewswire.com;123456788
Charo Donati;7027;97;cdonatidi@a8.net;123456788
Moina Gauden;5227;123;mgaudendj@goodreads.com;123456788
Baxy Crissil;7805;62;bcrissildk@google.cn;123456788
Malina Klimpt;7811;82;mklimptdl@vimeo.com;123456788
Walton Wilkennson;3038;16;wwilkennsondm@sfgate.com;123456788
Ondrea Peizer;6942;115;opeizerdn@geocities.com;123456788
Cheslie Kerswill;7946;149;ckerswilldo@rediff.com;123456788
Phyllys Dodsworth;5621;61;pdodsworthdp@epa.gov;123456788
Helaine Leglise;2387;94;hleglisedq@intel.com;123456788
Roshelle Bolland;7516;133;rbollanddr@com.com;123456788
Dotty Snailham;4029;63;dsnailhamds@oakley.com;123456788
Itch Strongman;7338;14;istrongmandt@wisc.edu;123456788
Annnora Clive;7181;76;aclivedu@google.it;123456788
Markus Baly;4092;28;mbalydv@parallels.com;123456788
Noella Hamby;4590;145;nhambydw@chronoengine.com;123456788
Cordie Saterthwait;6520;30;csaterthwaitdx@nymag.com;123456788
Alon Merrin;7675;14;amerrindy@tmall.com;123456788
Rodolph Vale;5022;92;rvaledz@nationalgeographic.com;123456788
Merwin Shoorbrooke;2647;132;mshoorbrookee0@canalblog.com;123456788
Nonie Chatel;3468;31;nchatele1@shutterfly.com;123456788
Ingmar Paschke;7971;32;ipaschkee2@drupal.org;123456788
Andeee McDonell;2256;121;amcdonelle3@netlog.com;123456788
Cirillo Weatherley;6198;33;cweatherleye4@yandex.ru;123456788
Haley Fairweather;4596;75;hfairweathere5@bbb.org;123456788
Chrysler Huzzey;5461;43;chuzzeye6@barnesandnoble.com;123456788
Frederico Paulton;5367;142;fpaultone7@taobao.com;123456788
Griselda Easum;3996;19;geasume8@rambler.ru;123456788
Leonanie Cocklin;2620;42;lcockline9@ca.gov;123456788
Shea Dodell;4727;35;sdodellea@plala.or.jp;123456788
Dill Juckes;3564;22;djuckeseb@latimes.com;123456788
Woody Sergant;5784;44;wsergantec@constantcontact.com;123456788
Herb Finnigan;3698;108;hfinniganed@trellian.com;123456788
Tadeas Keaveny;5630;36;tkeavenyee@slideshare.net;123456788
Yehudit Peirce;5670;110;ypeirceef@1und1.de;123456788
Gianna Balchen;6941;30;gbalcheneg@virginia.edu;123456788
Aldridge Seery;7927;75;aseeryeh@theatlantic.com;123456788
Madeleine Mitford;2343;112;mmitfordei@narod.ru;123456788
Tim Pee;5965;111;tpeeej@angelfire.com;123456788
Merilee Risbie;7632;12;mrisbieek@parallels.com;123456788
Harriot Lyndon;2412;104;hlyndonel@stanford.edu;123456788
Nancy Bosworth;4121;13;nbosworthem@delicious.com;123456788
Gwendolen Spurett;3027;146;gspuretten@hao123.com;123456788
Edith McGloughlin;2558;34;emcgloughlineo@vistaprint.com;123456788
Cyrill Birnie;6362;127;cbirnieep@desdev.cn;123456788
Burnaby Ludvigsen;3884;64;bludvigseneq@guardian.co.uk;123456788
Konstanze Wedgbrow;7574;112;kwedgbrower@msu.edu;123456788
Denis Byrde;6919;81;dbyrdees@toplist.cz;123456788
Ethelin Sebring;5428;110;esebringet@wisc.edu;123456788
Simon Schoenfisch;7655;44;sschoenfischeu@va.gov;123456788
Gabie Lightoller;5047;72;glightollerev@chronoengine.com;123456788
Geri Borzone;6712;148;gborzoneew@arizona.edu;123456788
Pietro Peinton;2278;124;ppeintonex@exblog.jp;123456788
Donny Probet;4910;33;dprobetey@columbia.edu;123456788
Vi Yitzhakof;4140;147;vyitzhakofez@odnoklassniki.ru;123456788
Sayers Petrelli;4261;146;spetrellif0@123-reg.co.uk;123456788
Tito Ascough;5549;140;tascoughf1@yellowpages.com;123456788
Marys Grishunin;2162;95;mgrishuninf2@google.ru;123456788
Durante Patnelli;4903;70;dpatnellif3@bloomberg.com;123456788
Alfonso Loan;2346;114;aloanf4@oracle.com;123456788
Gillian Auden;4740;32;gaudenf5@wufoo.com;123456788
Michal Gallienne;4000;117;mgalliennef6@miitbeian.gov.cn;123456788
Josefa Bineham;7827;17;jbinehamf7@godaddy.com;123456788
Mathilda Fishbourne;4673;69;mfishbournef8@bravesites.com;123456788
Olwen Walkowski;6717;106;owalkowskif9@tmall.com;123456788
Gerald Tanton;3735;57;gtantonfa@zimbio.com;123456788
Cathryn Gingle;5987;111;cginglefb@usatoday.com;123456788
Lavinia Enrietto;5430;112;lenriettofc@chronoengine.com;123456788
Zarah McNirlin;6016;108;zmcnirlinfd@dot.gov;123456788
Oliviero Marns;3570;47;omarnsfe@cafepress.com;123456788
Marge Toppas;5191;66;mtoppasff@phoca.cz;123456788
Consolata Durrington;7143;106;cdurringtonfg@blogger.com;123456788
Shandie Davydoch;3119;141;sdavydochfh@printfriendly.com;123456788
Harbert Hutsby;7261;52;hhutsbyfi@senate.gov;123456788
Ulrich Summerside;3066;32;usummersidefj@soundcloud.com;123456788
Ella Guerre;3696;33;eguerrefk@ox.ac.uk;123456788
Margareta Howick;5621;62;mhowickfl@cisco.com;123456788
Constantine Carrier;3265;63;ccarrierfm@surveymonkey.com;123456788
Pryce Devanney;7698;85;pdevanneyfn@sina.com.cn;123456788
Esteban Faas;2759;63;efaasfo@patch.com;123456788
Bary Maughan;5730;35;bmaughanfp@bing.com;123456788
Sylvan Aaronson;7623;143;saaronsonfq@icq.com;123456788
Terra Niessen;3503;38;tniessenfr@auda.org.au;123456788
Rorie McElvine;5383;66;rmcelvinefs@who.int;123456788
Alessandra Delacour;6659;101;adelacourft@wp.com;123456788
Desirae Robinett;6126;48;drobinettfu@hibu.com;123456788
Chastity Marzelle;5748;53;cmarzellefv@craigslist.org;123456788
Dion O'Rodane;6383;85;dorodanefw@myspace.com;123456788
Starr Redolfi;2693;101;sredolfifx@youtu.be;123456788
Abigail Loader;3241;119;aloaderfy@quantcast.com;123456788
Berk Pilbury;5101;142;bpilburyfz@state.gov;123456788
Nico Espadas;2455;89;nespadasg0@harvard.edu;123456788
Dan Stode;6731;38;dstodeg1@google.it;123456788
Townsend Norrey;2958;138;tnorreyg2@behance.net;123456788
Jo-anne Raithmill;5676;149;jraithmillg3@sciencedaily.com;123456788
Gloriane Witard;5063;89;gwitardg4@wordpress.com;123456788
Toiboid Harnor;4145;96;tharnorg5@globo.com;123456788
Davide Titlow;7504;114;dtitlowg6@gmpg.org;123456788
Serene Arndtsen;5602;106;sarndtseng7@wunderground.com;123456788
Minnnie Wilbore;3324;51;mwilboreg8@google.com.hk;123456788
Maribelle Isaacson;7501;43;misaacsong9@engadget.com;123456788
Hamil Peers;4506;134;hpeersga@4shared.com;123456788
Elka Everitt;7372;124;eeverittgb@friendfeed.com;123456788
Olwen Jacques;6629;20;ojacquesgc@admin.ch;123456788
Staffard Francklyn;4662;92;sfrancklyngd@reddit.com;123456788
Dane Garnsworthy;3850;132;dgarnsworthyge@seesaa.net;123456788
Sonya Schoolcroft;4525;38;sschoolcroftgf@jigsy.com;123456788
Percival Feaster;3118;138;pfeastergg@imageshack.us;123456788
Jeffy Lackemann;2688;133;jlackemanngh@nifty.com;123456788
Bastien Felmingham;2417;104;bfelminghamgi@surveymonkey.com;123456788
Christoph Comford;5670;140;ccomfordgj@vinaora.com;123456788
Northrop Rains;4161;35;nrainsgk@lycos.com;123456788
Boyd Reames;4919;134;breamesgl@cisco.com;123456788
Frederich Houndson;4129;138;fhoundsongm@ibm.com;123456788
Ted Trathen;2566;80;ttrathengn@freewebs.com;123456788
Lynda Cornthwaite;7590;104;lcornthwaitego@kickstarter.com;123456788
Jyoti Cornew;6283;14;jcornewgp@pbs.org;123456788
Patricio Wildor;3323;136;pwildorgq@amazon.co.jp;123456788
Laverna Hobell;4416;115;lhobellgr@barnesandnoble.com;123456788
Cecilia von Grollmann;2636;64;cvongs@ucsd.edu;123456788
Billy Greenroad;2569;68;bgreenroadgt@bloomberg.com;123456788
Jedidiah Moxstead;7624;60;jmoxsteadgu@about.me;123456788
Francis Skough;5895;35;fskoughgv@miibeian.gov.cn;123456788
Ron Caught;6190;32;rcaughtgw@bloglovin.com;123456788
Anthia Bellis;4979;40;abellisgx@technorati.com;123456788
Vivyan McColley;2498;83;vmccolleygy@gov.uk;123456788
Delinda Duetsche;3918;83;dduetschegz@imdb.com;123456788
Gilligan Brelsford;3889;103;gbrelsfordh0@zimbio.com;123456788
Royce Reggler;5610;83;rregglerh1@hexun.com;123456788
Simona Skally;7381;78;sskallyh2@jiathis.com;123456788
Nevins Shurrocks;5875;106;nshurrocksh3@moonfruit.com;123456788
Rodrique Vasyukhnov;4934;31;rvasyukhnovh4@ehow.com;123456788
Fredi Ackrill;5698;44;fackrillh5@people.com.cn;123456788
Wilfrid Erwin;3874;104;werwinh6@nasa.gov;123456788
Shena Grube;3758;36;sgrubeh7@cdbaby.com;123456788
Olenka Wenman;7636;114;owenmanh8@bizjournals.com;123456788
Dredi Howsan;3266;121;dhowsanh9@unc.edu;123456788
Abie Samsin;2813;37;asamsinha@sohu.com;123456788
Cacilia Athridge;5423;129;cathridgehb@cbslocal.com;123456788
Pam Oger;4968;94;pogerhc@icio.us;123456788
Eugenius Finlayson;4103;19;efinlaysonhd@auda.org.au;123456788
Barnebas Howerd;7901;45;bhowerdhe@about.me;123456788
Moise Aldren;7745;133;maldrenhf@princeton.edu;123456788
Noellyn Mitskevich;7736;101;nmitskevichhg@noaa.gov;123456788
Miguel Wildash;2992;125;mwildashhh@csmonitor.com;123456788
Benoite Willshee;3643;81;bwillsheehi@ask.com;123456788
Jandy Bulfield;6484;77;jbulfieldhj@zdnet.com;123456788
Barth Igglesden;6581;34;bigglesdenhk@hud.gov;123456788
Burty Burgiss;5842;41;bburgisshl@so-net.ne.jp;123456788
Olvan McDool;6606;112;omcdoolhm@prweb.com;123456788
Chelsey Sprott;6303;88;csprotthn@cpanel.net;123456788
Abram Wagge;7219;111;awaggeho@mozilla.org;123456788
Paquito Huddart;7495;103;phuddarthp@ow.ly;123456788
Natalina Dwire;5663;66;ndwirehq@freewebs.com;123456788
Rora Soot;2878;107;rsoothr@businesswire.com;123456788
Cissy Fantini;2573;148;cfantinihs@newyorker.com;123456788
Elsa De Vaar;7231;109;edeht@hexun.com;123456788
Natty Roadknight;4883;95;nroadknighthu@xing.com;123456788
Reine Hucke;7853;147;rhuckehv@cargocollective.com;123456788
Christa Stanbury;2052;66;cstanburyhw@usa.gov;123456788
Lucretia Romaynes;4151;78;lromayneshx@plala.or.jp;123456788
Avrom Macieja;2530;54;amaciejahy@lulu.com;123456788
Nicolai Ferri;5607;95;nferrihz@npr.org;123456788
Jen Dimmer;7059;32;jdimmeri0@imdb.com;123456788
Flem Medlin;4780;75;fmedlini1@weibo.com;123456788
Brigid Dinesen;5994;95;bdineseni2@hexun.com;123456788
Kaylyn Luddy;5520;116;kluddyi3@si.edu;123456788
Scotty Scurrell;6350;142;sscurrelli4@noaa.gov;123456788
Mela Brafferton;4385;28;mbraffertoni5@godaddy.com;123456788
Delinda Vina;5327;108;dvinai6@state.tx.us;123456788
Emera Selwyn;6591;91;eselwyni7@miitbeian.gov.cn;123456788
Saunders Skeat;4187;64;sskeati8@japanpost.jp;123456788
Rudy Lackham;3724;137;rlackhami9@technorati.com;123456788
Gloriana Whitaker;7001;135;gwhitakeria@bbb.org;123456788
Smitty Lince;4739;16;slinceib@examiner.com;123456788
Pauly Cook;6184;62;pcookic@woothemes.com;123456788
Jarret Boyne;2324;137;jboyneid@ox.ac.uk;123456788
Boyd Mallock;6222;125;bmallockie@fc2.com;123456788
Berkie Jodrellec;7188;102;bjodrellecif@boston.com;123456788
Valenka Keech;7349;75;vkeechig@github.com;123456788
Phylis Walkington;5772;29;pwalkingtonih@theglobeandmail.com;123456788
Berenice Dosdill;5947;66;bdosdillii@flavors.me;123456788
Demetris Wilford;6366;124;dwilfordij@eventbrite.com;123456788
Guenna Fearn;5203;100;gfearnik@prnewswire.com;123456788
Nicky Wharram;5276;38;nwharramil@si.edu;123456788
Shanda Possek;4819;83;spossekim@pagesperso-orange.fr;123456788
Wilfrid Demer;3540;93;wdemerin@purevolume.com;123456788
Marney Skin;7505;128;mskinio@goodreads.com;123456788
Athena Ormonde;6491;34;aormondeip@hexun.com;123456788
Raymund Pichmann;7134;136;rpichmanniq@skyrock.com;123456788
Steward Cardello;7199;139;scardelloir@artisteer.com;123456788
Nevsa Jannasch;7863;119;njannaschis@youtube.com;123456788
Levi Ashborn;4330;124;lashbornit@zimbio.com;123456788
Gloriana Blasius;5317;122;gblasiusiu@cbslocal.com;123456788
Tomas Andraud;2153;60;tandraudiv@go.com;123456788
Arlie Farrimond;7406;133;afarrimondiw@berkeley.edu;123456788
Gerek McCreagh;6102;108;gmccreaghix@is.gd;123456788
Bree Rosenbaum;2378;106;brosenbaumiy@ehow.com;123456788
Dion Gippes;5435;121;dgippesiz@umn.edu;123456788
Rurik Storms;5661;11;rstormsj0@kickstarter.com;123456788
Stephana Tilling;3758;125;stillingj1@soup.io;123456788
Danell Howel;4496;102;dhowelj2@unicef.org;123456788
Ephrayim Dunkerton;4657;40;edunkertonj3@woothemes.com;123456788
Chrissy Vayne;2608;30;cvaynej4@biglobe.ne.jp;123456788
Harv Hambribe;2339;34;hhambribej5@buzzfeed.com;123456788
Allegra Claricoates;2142;137;aclaricoatesj6@hud.gov;123456788
Hadlee Lascell;2727;64;hlascellj7@studiopress.com;123456788
Warren Griston;2269;13;wgristonj8@stanford.edu;123456788
Jan Chattaway;5845;50;jchattawayj9@dailymail.co.uk;123456788
Grissel Canto;2592;23;gcantoja@ning.com;123456788
Hestia Bawles;5194;56;hbawlesjb@economist.com;123456788
Candra Vannar;7244;77;cvannarjc@blogs.com;123456788
Nell Pullman;2778;97;npullmanjd@blogger.com;123456788
Shep Aysh;5631;135;sayshje@chron.com;123456788
Lianna Taillard;3760;95;ltaillardjf@devhub.com;123456788
Hermione Jeanel;7855;61;hjeaneljg@craigslist.org;123456788
Christiane Hoston;6888;102;chostonjh@nasa.gov;123456788
Pyotr Pughsley;6355;128;ppughsleyji@g.co;123456788
Lorne Cumine;5248;22;lcuminejj@answers.com;123456788
Kenton Trayte;3420;105;ktraytejk@printfriendly.com;123456788
Huey Lovegrove;2385;145;hlovegrovejl@pinterest.com;123456788
Lowe Markwell;2242;92;lmarkwelljm@umich.edu;123456788
Gusti Manifield;7465;126;gmanifieldjn@buzzfeed.com;123456788
Riki Haggarth;6678;24;rhaggarthjo@qq.com;123456788
Sheryl Kirkpatrick;2884;146;skirkpatrickjp@bizjournals.com;123456788
Alister Cummins;7552;110;acumminsjq@de.vu;123456788
Winslow Giovanetti;3815;17;wgiovanettijr@usa.gov;123456788
Clarita Drayson;4050;32;cdraysonjs@gravatar.com;123456788
Randee Skittrall;7423;12;rskittralljt@twitter.com;123456788
Leonora Barz;5239;60;lbarzju@ifeng.com;123456788
Duane Quixley;2011;104;dquixleyjv@deliciousdays.com;123456788
Brittney Hryskiewicz;6094;26;bhryskiewiczjw@skyrock.com;123456788
Max Smiley;7436;72;msmileyjx@squidoo.com;123456788
Blane Spincks;5752;65;bspincksjy@constantcontact.com;123456788
Warde Eddie;5419;25;weddiejz@twitter.com;123456788
Durward Brafield;7652;94;dbrafieldk0@washingtonpost.com;123456788
Shepard Alessandrucci;2040;48;salessandruccik1@comsenz.com;123456788
Cristian Martynov;4202;149;cmartynovk2@studiopress.com;123456788
Fawn Phetteplace;4438;88;fphetteplacek3@csmonitor.com;123456788
Carce Buffey;5510;59;cbuffeyk4@drupal.org;123456788
Roobbie Ryding;5663;69;rrydingk5@accuweather.com;123456788
Victoir Cuxon;2069;90;vcuxonk6@mapquest.com;123456788
Consuela Tinham;6680;60;ctinhamk7@tripadvisor.com;123456788
Niles Clues;3462;69;ncluesk8@google.com.br;123456788
Windy Evitts;5359;25;wevittsk9@yelp.com;123456788
Kellen Tockell;7218;35;ktockellka@zdnet.com;123456788
Keeley Gimlet;2488;128;kgimletkb@friendfeed.com;123456788
Rodolphe Yerbury;2104;94;ryerburykc@elpais.com;123456788
Analiese Hiddsley;2737;73;ahiddsleykd@fastcompany.com;123456788
Meir Swaile;5376;37;mswaileke@nbcnews.com;123456788
Gunilla Hatliff;3888;64;ghatliffkf@hostgator.com;123456788
Anthia Dinneges;4879;68;adinnegeskg@cisco.com;123456788
Boyce Mackelworth;7341;39;bmackelworthkh@bravesites.com;123456788
Whitman Lindsell;6349;87;wlindsellki@dyndns.org;123456788
Cecilia Halward;4249;12;chalwardkj@unicef.org;123456788
Rhys Tingley;4330;101;rtingleykk@hp.com;123456788
Josephina Betonia;6684;97;jbetoniakl@boston.com;123456788
Marion Brickner;3425;54;mbricknerkm@dropbox.com;123456788
Juana Gerdes;6302;126;jgerdeskn@earthlink.net;123456788
Winny Lilburn;2066;134;wlilburnko@furl.net;123456788
Barron Doucette;2340;59;bdoucettekp@ft.com;123456788
Camila Heephy;6072;22;cheephykq@imageshack.us;123456788
Wandie O'Doherty;3681;108;wodohertykr@baidu.com;123456788
Cyrill Gregg;7141;79;cgreggks@hibu.com;123456788
Ethe Lanon;5397;107;elanonkt@wunderground.com;123456788
Ertha Rangall;3051;96;erangallku@hao123.com;123456788
Adora McMurrugh;4487;137;amcmurrughkv@dot.gov;123456788
Udale Casaletto;6026;122;ucasalettokw@phoca.cz;123456788
Leela Tofful;6970;30;ltoffulkx@google.com.au;123456788
Jania Redholes;2050;23;jredholesky@nyu.edu;123456788
Bobbye Lygoe;6129;64;blygoekz@meetup.com;123456788
Hope Jaynes;2667;77;hjaynesl0@china.com.cn;123456788
Micah Hambly;2189;133;mhamblyl1@yale.edu;123456788
Mechelle Hek;5856;40;mhekl2@bigcartel.com;123456788
Eilis Aubrun;4330;122;eaubrunl3@ucsd.edu;123456788
Nicol Tiller;2958;117;ntillerl4@nytimes.com;123456788
Viva Cokly;6074;113;vcoklyl5@guardian.co.uk;123456788
Sergeant Corradi;2882;25;scorradil6@dailymotion.com;123456788
Marysa Maclean;7206;131;mmacleanl7@barnesandnoble.com;123456788
Danya Brittan;5524;111;dbrittanl8@mysql.com;123456788
Jay Lighterness;4110;86;jlighternessl9@loc.gov;123456788
Lida Whiles;6459;28;lwhilesla@barnesandnoble.com;123456788
Bard Giacobazzi;3645;11;bgiacobazzilb@fastcompany.com;123456788
Lorain Hedditeh;6401;118;lhedditehlc@zdnet.com;123456788
Javier Bowling;5196;101;jbowlingld@deviantart.com;123456788
Gilbert Laban;5563;105;glabanle@feedburner.com;123456788
Archibold Glinde;2542;16;aglindelf@goo.gl;123456788
Randie Sweetmore;2079;59;rsweetmorelg@networkadvertising.org;123456788
Augie Scowcraft;2567;75;ascowcraftlh@twitpic.com;123456788
Morgana Bauer;7840;25;mbauerli@thetimes.co.uk;123456788
Milty McCrossan;7335;123;mmccrossanlj@histats.com;123456788
Larina Cullum;6683;136;lcullumlk@sbwire.com;123456788
Merrili Robins;7392;42;mrobinsll@adobe.com;123456788
Opaline Huckle;3644;18;ohucklelm@booking.com;123456788
Rici Maslin;4251;132;rmaslinln@deviantart.com;123456788
Tyrone Lanham;4034;98;tlanhamlo@bluehost.com;123456788
Alleen Topes;3269;84;atopeslp@icio.us;123456788
Giraldo Sprionghall;2074;42;gsprionghalllq@godaddy.com;123456788
Marianna Sawart;5075;77;msawartlr@com.com;123456788
Flora Laurenzi;5869;109;flaurenzils@domainmarket.com;123456788
Lisa Pember;3200;126;lpemberlt@columbia.edu;123456788
Jeni Aykroyd;7950;133;jaykroydlu@forbes.com;123456788
Gerladina Ordelt;7346;103;gordeltlv@usa.gov;123456788
Caressa Rockwell;4327;134;crockwelllw@imdb.com;123456788
Neron Fawcitt;7527;33;nfawcittlx@bravesites.com;123456788
Esther Arends;2360;51;earendsly@vinaora.com;123456788
Danna Gerrelt;7373;58;dgerreltlz@fotki.com;123456788
Bonni Dominique;6924;37;bdominiquem0@irs.gov;123456788
Nikos Soutter;2661;139;nsoutterm1@japanpost.jp;123456788
Petrina Schust;7946;22;pschustm2@usa.gov;123456788
Hersh McCallion;6262;20;hmccallionm3@cbsnews.com;123456788
Amalita Nelligan;5341;32;anelliganm4@miitbeian.gov.cn;123456788
Nelson Wimlet;3989;92;nwimletm5@dion.ne.jp;123456788
Finn Cobbald;7284;63;fcobbaldm6@simplemachines.org;123456788
Alejandra Lugden;4539;73;alugdenm7@samsung.com;123456788
Bobbye Staggs;4055;100;bstaggsm8@discovery.com;123456788
Bren Burberye;6393;18;bburberyem9@prweb.com;123456788
Selma Coviello;4506;13;scovielloma@businesswire.com;123456788
Julietta Hinnerk;6211;148;jhinnerkmb@jiathis.com;123456788
Bobby Brade;2343;97;bbrademc@usgs.gov;123456788
Michal Rappaport;6056;25;mrappaportmd@exblog.jp;123456788
Wolfgang Wolfindale;7131;139;wwolfindaleme@engadget.com;123456788
Lanie Witling;3609;112;lwitlingmf@ibm.com;123456788
Cortie Beggan;7927;54;cbegganmg@adobe.com;123456788
Inessa Soppit;5603;11;isoppitmh@addthis.com;123456788
Hyacintha Crapper;3720;109;hcrappermi@aol.com;123456788
Rodrick Hunnybun;4723;106;rhunnybunmj@tinyurl.com;123456788
Desi Janovsky;7485;137;djanovskymk@time.com;123456788
Adoree McRobb;7081;148;amcrobbml@ucla.edu;123456788
Rahal Rysom;7773;131;rrysommm@vistaprint.com;123456788
Elwira Marples;5609;133;emarplesmn@mlb.com;123456788
Sigfrid Philimore;2510;90;sphilimoremo@lycos.com;123456788
Raeann Ales0;2069;90;ralesmp@altervista.org;123456788
Milli MacTrustie;3023;119;mmactrustiemq@wordpress.org;123456788
Genny Di Domenico;6837;109;gdimr@salon.com;123456788
Scot Scoggans;7672;64;sscoggansms@geocities.com;123456788
Rainer De Dantesie;2773;51;rdemt@vkontakte.ru;123456788
Kristofor Fidelli;3843;138;kfidellimu@twitter.com;123456788
Orelia Bollam;6151;138;obollammv@hostgator.com;123456788
Anson Reddle;4994;98;areddlemw@qq.com;123456788
Martynne Kumaar;3782;67;mkumaarmx@ameblo.jp;123456788
Tyler Icom;3146;71;ticommy@dailymail.co.uk;123456788
Mufinella Neat;2434;129;mneatmz@webmd.com;123456788
Karmen Couper;5860;77;kcoupern0@google.com.au;123456788
Stern Dunsmore;4840;93;sdunsmoren1@hao123.com;123456788
Morganne Meriton;3660;11;mmeritonn2@symantec.com;123456788
Toma Fradgley;5959;106;tfradgleyn3@who.int;123456788
Christye Lebbon;4469;147;clebbonn4@hud.gov;123456788
Yolanda Preece;3851;104;ypreecen5@illinois.edu;123456788
Tiff Backhurst;4883;35;tbackhurstn6@meetup.com;123456788
Harp Gianuzzi;7761;32;hgianuzzin7@wix.com;123456788
Tabbatha Jelliman;7640;127;tjellimann8@pinterest.com;123456788
Melvyn Ransbury;4421;97;mransburyn9@forbes.com;123456788
Drusie Garvie;3326;122;dgarviena@ucla.edu;123456788
Arlena Woolf;4530;141;awoolfnb@dagondesign.com;123456788
Shae Ionn;5870;87;sionnnc@webmd.com;123456788
Rozina St. Aubyn;3464;94;rstnd@unesco.org;123456788
Jenn Droghan;7068;136;jdroghanne@va.gov;123456788
Cyrillus Collingridge;2899;121;ccollingridgenf@123-reg.co.uk;123456788
Faun Deignan;6195;68;fdeignanng@upenn.edu;123456788
Harlen Dik;3858;126;hdiknh@vistaprint.com;123456788
Kean Elgar;6774;37;kelgarni@utexas.edu;123456788
Artur Souten;6427;147;asoutennj@reddit.com;123456788
Vinny Westrey;4135;59;vwestreynk@wiley.com;123456788
Silvanus Gilbart;5213;102;sgilbartnl@hibu.com;123456788
Veda Garken;3999;48;vgarkennm@deviantart.com;123456788
Arthur Chestney;4243;26;achestneynn@umich.edu;123456788
Christoffer Divver;5879;33;cdivverno@51.la;123456788
Zaria MacBey;6945;92;zmacbeynp@mysql.com;123456788
Glori Orvis;3629;23;gorvisnq@thetimes.co.uk;123456788
Judah Itzkovici;6687;57;jitzkovicinr@addthis.com;123456788
Delly Ibbs;7025;148;dibbsns@buzzfeed.com;123456788
Evangelina Padberry;2918;37;epadberrynt@google.co.uk;123456788
Devinne Weatherby;5040;70;dweatherbynu@phoca.cz;123456788
Valentino De Vile;2968;76;vdenv@51.la;123456788
Konstance Cymper;5787;39;kcympernw@amazon.de;123456788
Torre Rutgers;3395;46;trutgersnx@washingtonpost.com;123456788
Dana Stone;5124;132;dstoneny@pinterest.com;123456788
Hasheem Duchart;2873;51;hduchartnz@constantcontact.com;123456788
Devan Guilloton;3945;139;dguillotono0@wufoo.com;123456788
Kare Murkin;2241;30;kmurkino1@sciencedirect.com;123456788
Georas Mathwin;3749;146;gmathwino2@shop-pro.jp;123456788
Lionel Durston;3906;146;ldurstono3@cafepress.com;123456788
Magnum Woolbrook;7156;70;mwoolbrooko4@ebay.com;123456788
Teriann Corrin;7642;45;tcorrino5@netscape.com;123456788
Deck Eliet;5146;22;delieto6@slashdot.org;123456788
Harmon Guyet;4533;123;hguyeto7@cocolog-nifty.com;123456788
Lammond Jakubowsky;5269;45;ljakubowskyo8@fda.gov;123456788
Shay Chuter;2710;114;schutero9@oaic.gov.au;123456788
Prentice Strang;6887;12;pstrangoa@lulu.com;123456788
Delilah Karmel;5330;135;dkarmelob@posterous.com;123456788
Alleen Lenham;2929;121;alenhamoc@phoca.cz;123456788
Nickie MacGahey;3611;137;nmacgaheyod@opensource.org;123456788
Analiese Graffham;6555;59;agraffhamoe@google.com.au;123456788
Adlai Delos;7092;141;adelosof@devhub.com;123456788
Concordia Attard;4951;129;cattardog@mapy.cz;123456788
Clarie Lingwood;4970;120;clingwoodoh@g.co;123456788
Errol Stobbie;6143;129;estobbieoi@ebay.co.uk;123456788
Winni Westby;6243;67;wwestbyoj@google.nl;123456788
Luigi Signore;2520;27;lsignoreok@last.fm;123456788
Rayner Gimbrett;5035;60;rgimbrettol@istockphoto.com;123456788
Jo ann Caitlin;7822;140;jannom@behance.net;123456788
Mela Bromehead;5333;75;mbromeheadon@imgur.com;123456788
Murvyn Vaissiere;3543;88;mvaissiereoo@hibu.com;123456788
Garfield Vaneev;4197;149;gvaneevop@ning.com;123456788
Kip Sutherel;3302;119;ksuthereloq@seattletimes.com;123456788
Enid Dumini;7428;46;eduminior@ifeng.com;123456788
Twila Walesa;7980;18;twalesaos@webeden.co.uk;123456788
Wenonah Clowney;5084;83;wclowneyot@shareasale.com;123456788
Ricca Grigoli;6323;86;rgrigoliou@indiatimes.com;123456788
Yasmin Skipsey;6623;147;yskipseyov@typepad.com;123456788
Wren Davidofski;3526;138;wdavidofskiow@ucla.edu;123456788
Clayson Besson;2227;101;cbessonox@upenn.edu;123456788
Abram Lamb-shine;4182;143;alambshineoy@google.com.au;123456788
Kele Farran;4511;61;kfarranoz@ed.gov;123456788
Laney Cowderoy;5760;141;lcowderoyp0@patch.com;123456788
Hebert Dorant;4454;143;hdorantp1@google.com.hk;123456788
Adrea Sephton;7077;80;asephtonp2@ox.ac.uk;123456788
Craggy Comettoi;7209;121;ccomettoip3@google.com.au;123456788
Amos Jon;2531;33;ajonp4@sakura.ne.jp;123456788
Justin Knibbs;2643;14;jknibbsp5@salon.com;123456788
Lana Diboll;4973;40;ldibollp6@boston.com;123456788
Christina Labroue;6160;123;clabrouep7@amazon.com;123456788
Grace O'Lunney;7362;16;golunneyp8@pbs.org;123456788
Sadella Bearfoot;3014;98;sbearfootp9@theatlantic.com;123456788
Thomas Doud;4828;41;tdoudpa@ovh.net;123456788
Elberta Joutapaitis;2450;109;ejoutapaitispb@mozilla.com;123456788
Zuzana McCluin;6485;63;zmccluinpc@live.com;123456788
Katrinka Blanche;7705;72;kblanchepd@cnbc.com;123456788
Alexi Bynold;3285;120;abynoldpe@sun.com;123456788
Lorita Doxey;2788;77;ldoxeypf@wikia.com;123456788
Anthea Harrap;6788;15;aharrappg@taobao.com;123456788
Samuele McMillam;7328;149;smcmillamph@smugmug.com;123456788
Sibley MacAlpine;3248;141;smacalpinepi@addtoany.com;123456788
Sadie Stockall;3650;31;sstockallpj@ehow.com;123456788
Dale Mewe;6510;45;dmewepk@tuttocitta.it;123456788
Rosana Magne;6039;37;rmagnepl@sfgate.com;123456788
Michaela De Bruijne;5618;34;mdepm@redcross.org;123456788
Korry Gianotti;2843;104;kgianottipn@imgur.com;123456788
Melissa Cruickshank;7612;96;mcruickshankpo@columbia.edu;123456788
Earl Afield;5119;130;eafieldpp@merriam-webster.com;123456788
Bartlet Spadollini;5635;69;bspadollinipq@topsy.com;123456788
Bibi Kyngdon;4005;29;bkyngdonpr@nyu.edu;123456788
Douglas Adami;7744;20;dadamips@smugmug.com;123456788
Cherey Berthot;3040;46;cberthotpt@jiathis.com;123456788
Teodoro Drivers;3867;82;tdriverspu@ask.com;123456788
Brandy Scollard;3124;104;bscollardpv@utexas.edu;123456788
Sal Downing;5916;93;sdowningpw@tripadvisor.com;123456788
Catina Hows;4230;98;chowspx@dailymail.co.uk;123456788
Nyssa Maddicks;6177;112;nmaddickspy@youtu.be;123456788
Benedetto Arrow;4842;92;barrowpz@illinois.edu;123456788
Gilbertine Perico;5413;22;gpericoq0@liveinternet.ru;123456788
Haroun Thomlinson;6182;57;hthomlinsonq1@who.int;123456788
Maribel Tendahl;4546;137;mtendahlq2@rediff.com;123456788
Cindie Tybalt;3294;18;ctybaltq3@google.it;123456788
Cloris Rennebeck;7044;138;crennebeckq4@eepurl.com;123456788
Phil Imorts;5245;65;pimortsq5@so-net.ne.jp;123456788
Paulette Leahy;7308;48;pleahyq6@ning.com;123456788
Omero Voyce;5485;133;ovoyceq7@parallels.com;123456788
Lynde Jollie;2952;126;ljollieq8@unicef.org;123456788
Blair Stubley;5515;89;bstubleyq9@yahoo.co.jp;123456788
Dougy Ackerman;3483;116;dackermanqa@tripadvisor.com;123456788
Roman Crottagh;7195;35;rcrottaghqb@ihg.com;123456788
Noland Sandercroft;2599;114;nsandercroftqc@pagesperso-orange.fr;123456788
Sheffie Haward;2419;35;shawardqd@rambler.ru;123456788
Aleda Kollasch;2408;140;akollaschqe@ask.com;123456788
Wilbur Leek;4161;128;wleekqf@amazon.com;123456788
Kristy Tiesman;5691;64;ktiesmanqg@a8.net;123456788
Sigismond Bordone;7126;145;sbordoneqh@google.pl;123456788
Shelbi Gilbard;6305;136;sgilbardqi@icio.us;123456788
Marcel Appleford;7509;114;mapplefordqj@dropbox.com;123456788
Angeli Peppard;3418;62;apeppardqk@multiply.com;123456788
Jarib Clackers;2631;44;jclackersql@state.tx.us;123456788
Carlin Pickering;4029;70;cpickeringqm@themeforest.net;123456788
Emmeline Treherne;7312;143;etreherneqn@stanford.edu;123456788
Alvie Keech;4506;36;akeechqo@icio.us;123456788
Sidoney Hovington;7900;16;shovingtonqp@fda.gov;123456788
Steffie O'Donegan;4971;120;sodoneganqq@youtu.be;123456788
Winonah Burris;3579;81;wburrisqr@soup.io;123456788
Levey Sare;6607;11;lsareqs@shutterfly.com;123456788
Latashia Sushams;7977;122;lsushamsqt@cocolog-nifty.com;123456788
Jaine Tschierse;5046;33;jtschiersequ@illinois.edu;123456788
Mirabelle Causey;4903;97;mcauseyqv@meetup.com;123456788
Ransell Eadon;4928;132;readonqw@furl.net;123456788
April Norkett;3867;68;anorkettqx@go.com;123456788
Athena Phifer;3957;56;aphiferqy@washingtonpost.com;123456788
Bambie Bayly;2898;94;bbaylyqz@nifty.com;123456788
Blancha Basley;5322;106;bbasleyr0@geocities.com;123456788
Axe Saltmarshe;2683;20;asaltmarsher1@de.vu;123456788
Kerr Elford;3764;65;kelfordr2@elegantthemes.com;123456788
Brad Speke;4784;127;bspeker3@vinaora.com;123456788
Barbee Bodycote;2207;70;bbodycoter4@google.ca;123456788
Bessie Hoppner;2397;65;bhoppnerr5@google.com.hk;123456788
Andrew Jeacocke;2032;123;ajeacocker6@utexas.edu;123456788
Charlotte Ramberg;3289;83;crambergr7@go.com;123456788
Correy Uzzell;3317;22;cuzzellr8@amazon.co.uk;123456788
Clemmy Malpass;7363;78;cmalpassr9@twitpic.com;123456788
Sela Vallintine;6697;81;svallintinera@msn.com;123456788
Barb Stud;3047;41;bstudrb@blinklist.com;123456788
Maud Harbertson;7326;33;mharbertsonrc@webeden.co.uk;123456788
Wenona Satterley;7339;12;wsatterleyrd@huffingtonpost.com;123456788
Raimondo Ogelsby;2479;49;rogelsbyre@wikimedia.org;123456788
Tove Edlin;3368;18;tedlinrf@economist.com;123456788
Elsey Spellard;4740;16;espellardrg@baidu.com;123456788
Lea Fryer;5181;121;lfryerrh@narod.ru;123456788
Tobe McManamen;5717;138;tmcmanamenri@addthis.com;123456788
Maudie Feeney;6359;59;mfeeneyrj@plala.or.jp;123456788
Melessa Teck;5530;49;mteckrk@icio.us;123456788
Alon Seacombe;7709;20;aseacomberl@wsj.com;123456788
Michaelina Raitt;5843;123;mraittrm@tinypic.com;123456788
Jillie Eton;2376;74;jetonrn@fc2.com;123456788
Kelli Izakov;4336;76;kizakovro@ox.ac.uk;123456788
Gladys Conklin;2848;136;gconklinrp@google.co.uk;123456788
Irina Seelbach;6048;111;iseelbachrq@umich.edu;123456788
Lynne Stanmer;7701;98;lstanmerrr@google.it;123456788
